[
  {
    "name": "UCHIT KORAT",
    "Mobile_Number": 9723454149,
    "Email_Id": "test@gmail.com"
  },
  {
    "name": "ALISH M PATEL",
    "Mobile_Number": 9638090284,
    "Email_Id": "test1@gmail.com"
  },
  {
    "name": "SANJAY KUMAR",
    "Mobile_Number": 9712897228,
    "Email_Id": "test2@gmail.com"
  },
  {
    "name": "DHARA BEN",
    "Mobile_Number": 9712986168,
    "Email_Id": "test3@gmail.com"
  },
  {
    "name": "DHRUVIL",
    "Mobile_Number": 8128941025,
    "Email_Id": "test4@gmail.com"
  }
]
